Ticker,Societe,Secteur d'activité,Pays,Introduction à la BRVM,Nombre de titres,Flottant,Site Web,Téléphone,LogoURL,Presentation,DeterminantsSectoriels,ActionnairesPrincipaux,SourceURL
ABJC,,,,,,,,,,,,,https://www.richbourse.com/common/apprendre/details-societe/ABJC
BICB,,,,,,,,,,,,,https://www.richbourse.com/common/apprendre/details-societe/BICB
BICC,,,,,,,,,,,,,https://www.richbourse.com/common/apprendre/details-societe/BICC
BNBC,,,,,,,,,,,,,https://www.richbourse.com/common/apprendre/details-societe/BNBC
BOAB,,,,,,,,,,,,,https://www.richbourse.com/common/apprendre/details-societe/BOAB
BOABF,,,,,,,,,,,,,https://www.richbourse.com/common/apprendre/details-societe/BOABF
BOAC,,,,,,,,,,,,,https://www.richbourse.com/common/apprendre/details-societe/BOAC
BOAM,,,,,,,,,,,,,https://www.richbourse.com/common/apprendre/details-societe/BOAM
BOAN,,,,,,,,,,,,,https://www.richbourse.com/common/apprendre/details-societe/BOAN
BOAS,,,,,,,,,,,,,https://www.richbourse.com/common/apprendre/details-societe/BOAS
CABC,,,,,,,,,,,,,https://www.richbourse.com/common/apprendre/details-societe/CABC
CBIBF,,,,,,,,,,,,,https://www.richbourse.com/common/apprendre/details-societe/CBIBF
CFAC,,,,,,,,,,,,,https://www.richbourse.com/common/apprendre/details-societe/CFAC
CIEC,,,,,,,,,,,,,https://www.richbourse.com/common/apprendre/details-societe/CIEC
ECOC,,,,,,,,,,,,,https://www.richbourse.com/common/apprendre/details-societe/ECOC
ETIT,,,,,,,,,,,,,https://www.richbourse.com/common/apprendre/details-societe/ETIT
FTSC,,,,,,,,,,,,,https://www.richbourse.com/common/apprendre/details-societe/FTSC
LNBB,,,,,,,,,,,,,https://www.richbourse.com/common/apprendre/details-societe/LNBB
NEIC,,,,,,,,,,,,,https://www.richbourse.com/common/apprendre/details-societe/NEIC
NSBC,,,,,,,,,,,,,https://www.richbourse.com/common/apprendre/details-societe/NSBC
NTLC,,,,,,,,,,,,,https://www.richbourse.com/common/apprendre/details-societe/NTLC
ONTBF,,,,,,,,,,,,,https://www.richbourse.com/common/apprendre/details-societe/ONTBF
ORAC,,,,,,,,,,,,,https://www.richbourse.com/common/apprendre/details-societe/ORAC
ORGT,,,,,,,,,,,,,https://www.richbourse.com/common/apprendre/details-societe/ORGT
PALC,,,,,,,,,,,,,https://www.richbourse.com/common/apprendre/details-societe/PALC
PRSC,,,,,,,,,,,,,https://www.richbourse.com/common/apprendre/details-societe/PRSC
SAFC,,,,,,,,,,,,,https://www.richbourse.com/common/apprendre/details-societe/SAFC
SCRC,,,,,,,,,,,,,https://www.richbourse.com/common/apprendre/details-societe/SCRC
SDCC,,,,,,,,,,,,,https://www.richbourse.com/common/apprendre/details-societe/SDCC
SDSC,,,,,,,,,,,,,https://www.richbourse.com/common/apprendre/details-societe/SDSC
SEMC,,,,,,,,,,,,,https://www.richbourse.com/common/apprendre/details-societe/SEMC
SGBC,,,,,,,,,,,,,https://www.richbourse.com/common/apprendre/details-societe/SGBC
SHEC,,,,,,,,,,,,,https://www.richbourse.com/common/apprendre/details-societe/SHEC
SIBC,,,,,,,,,,,,,https://www.richbourse.com/common/apprendre/details-societe/SIBC
SICC,,,,,,,,,,,,,https://www.richbourse.com/common/apprendre/details-societe/SICC
SIVC,,,,,,,,,,,,,https://www.richbourse.com/common/apprendre/details-societe/SIVC
SLBC,,,,,,,,,,,,,https://www.richbourse.com/common/apprendre/details-societe/SLBC
SMBC,,,,,,,,,,,,,https://www.richbourse.com/common/apprendre/details-societe/SMBC
SNTS,,,,,,,,,,,,,https://www.richbourse.com/common/apprendre/details-societe/SNTS
SOGC,,,,,,,,,,,,,https://www.richbourse.com/common/apprendre/details-societe/SOGC
SPHC,,,,,,,,,,,,,https://www.richbourse.com/common/apprendre/details-societe/SPHC
STAC,,,,,,,,,,,,,https://www.richbourse.com/common/apprendre/details-societe/STAC
STBC,,,,,,,,,,,,,https://www.richbourse.com/common/apprendre/details-societe/STBC
SVOC,,,,,,,,,,,,,https://www.richbourse.com/common/apprendre/details-societe/SVOC
TTLC,,,,,,,,,,,,,https://www.richbourse.com/common/apprendre/details-societe/TTLC
TTLS,,,,,,,,,,,,,https://www.richbourse.com/common/apprendre/details-societe/TTLS
UNLC,,,,,,,,,,,,,https://www.richbourse.com/common/apprendre/details-societe/UNLC
UNXC,,,,,,,,,,,,,https://www.richbourse.com/common/apprendre/details-societe/UNXC
